airline,ticker,year,month,year_month,avg_close,avg_normalised,avg_daily_return,avg_volatility_30d,trading_days
Cathay Pacific,0293.HK,2015,1,2015-01,11.248868806021553,103.22161427881967,0.3704884189516128,,21
Cathay Pacific,0293.HK,2015,2,2015-02,11.148133701748318,102.29725110444764,-0.21153393324330935,1.7405489089290587,18
Cathay Pacific,0293.HK,2015,3,2015-03,11.052141362970525,101.41640838702355,0.14506143401242486,1.2206712847498737,22
Cathay Pacific,0293.HK,2015,4,2015-04,12.77675347579153,117.24175486051934,0.6526928211846422,1.247668371936248,19
Cathay Pacific,0293.HK,2015,5,2015-05,12.929754708942614,118.6457212988203,-0.02077161400978934,1.4384960199520214,19
Cathay Pacific,0293.HK,2015,6,2015-06,12.599077398126775,115.61136767479029,-0.17721238904591854,1.4101849765920493,22
Cathay Pacific,0293.HK,2015,7,2015-07,12.509789510206742,114.79204618695157,-0.15368904750686993,1.8414715252109433,22
Cathay Pacific,0293.HK,2015,8,2015-08,10.75952552613758,98.73131359551206,-1.2492926795500794,1.9791242925835866,21
Cathay Pacific,0293.HK,2015,9,2015-09,9.470789575576783,86.90564405576016,0.2852307206802124,2.267475912871027,20
Cathay Pacific,0293.HK,2015,10,2015-10,10.102206754684449,92.69964002413549,0.31751011776808336,1.540310238054135,20
Cathay Pacific,0293.HK,2015,11,2015-11,9.895603452410016,90.80381149738746,-0.5586391350298613,1.5628055674832109,21
Cathay Pacific,0293.HK,2015,12,2015-12,8.81935774196278,80.92799006958742,-0.07931091079581716,1.655894070928987,22
Cathay Pacific,0293.HK,2016,1,2016-01,8.431179857254028,77.36600098624723,-0.46957191426802547,1.4295552298485867,20
Cathay Pacific,0293.HK,2016,2,2016-02,7.978975587420994,73.21649444289113,0.12705519257585587,1.7782418046915305,18
Cathay Pacific,0293.HK,2016,3,2016-03,8.989650135948544,82.49062326495424,0.40097913586973744,2.4086525008365682,21
Cathay Pacific,0293.HK,2016,4,2016-04,8.839580011367797,81.11355319849955,-0.2786769497017305,1.9116701998655945,20
Cathay Pacific,0293.HK,2016,5,2016-05,8.298040480840774,76.144290466333,-0.08736770620462504,1.4646726510350958,21
Cathay Pacific,0293.HK,2016,6,2016-06,8.04766593660627,73.84680926392313,-0.32343667668438814,1.3284374115383757,21
Cathay Pacific,0293.HK,2016,7,2016-07,8.183750247955322,75.09554302886414,0.5451529055738003,1.779507616785493,20
Cathay Pacific,0293.HK,2016,8,2016-08,8.165746149809465,74.93033423264679,-0.501205669571971,1.8805214668246881,23
Cathay Pacific,0293.HK,2016,9,2016-09,7.634825252351307,70.05850995991149,-0.13235626289052535,1.8479714438121821,21
Cathay Pacific,0293.HK,2016,10,2016-10,7.200425291061402,66.07237890796091,-0.26696066678327246,0.968456926650777,20
Cathay Pacific,0293.HK,2016,11,2016-11,7.151546174829656,65.62385547249671,0.1259314272025661,1.1629235869400594,22
Cathay Pacific,0293.HK,2016,12,2016-12,7.023937368392945,64.45289444310504,-0.14277935454594548,0.7350750535601077,20
Cathay Pacific,0293.HK,2017,1,2017-01,7.220082634373715,66.2527581749005,0.1833195439432652,0.9547281064027533,19
Cathay Pacific,0293.HK,2017,2,2017-02,7.554768586158753,69.32389579908559,0.39888158422110853,1.3804778213740403,20
Cathay Pacific,0293.HK,2017,3,2017-03,7.784017873846966,71.42752790250029,-0.03349047442151732,1.371040052143411,23
Cathay Pacific,0293.HK,2017,4,2017-04,7.607562065124512,69.80833812090586,-0.03699100797678519,1.3694995815565445,17
Cathay Pacific,0293.HK,2017,5,2017-05,7.714154887199402,70.78645275223798,0.1121329142779792,1.3546043134592485,20
Cathay Pacific,0293.HK,2017,6,2017-06,8.295792904767124,76.12366630984782,0.2912096852589262,2.145277547896985,22
Cathay Pacific,0293.HK,2017,7,2017-07,8.453689802260627,77.57255623202134,0.05322331526412234,1.4299688557932788,21
Cathay Pacific,0293.HK,2017,8,2017-08,8.114746487658957,74.46235229191761,-0.2226593691815104,0.9450500679539712,23
Cathay Pacific,0293.HK,2017,9,2017-09,8.05237390881493,73.89001045150367,0.07583929920519267,0.8052686173267704,21
Cathay Pacific,0293.HK,2017,10,2017-10,8.719040536880494,80.00746161227357,0.6241793655461042,1.0914436916535293,20
Cathay Pacific,0293.HK,2017,11,2017-11,8.466186393391002,77.68722716753526,-0.474639109446205,1.3189293343011457,22
Cathay Pacific,0293.HK,2017,12,2017-12,8.058237376965975,73.94381467468914,0.06047272548891837,1.18985228719518,19
Cathay Pacific,0293.HK,2018,1,2018-01,8.63160480152477,79.20513580470062,0.11844405433108446,1.1420857791807177,22
Cathay Pacific,0293.HK,2018,2,2018-02,8.712655968136257,79.9488756776682,0.37451550461261895,1.3378119897916847,18
Cathay Pacific,0293.HK,2018,3,2018-03,9.367725599379767,85.95991073977065,0.11794853963155585,1.6164096991951582,21
Cathay Pacific,0293.HK,2018,4,2018-04,8.867934628536826,81.37374019213559,-0.33517963879387697,1.7163259730532663,19
Cathay Pacific,0293.HK,2018,5,2018-05,8.862978571937198,81.32826253820501,0.06210549939652215,1.3261912606983788,21
Cathay Pacific,0293.HK,2018,6,2018-06,9.076804065704346,83.29036317438593,-0.16348670065276238,1.459585318648789,20
Cathay Pacific,0293.HK,2018,7,2018-07,8.3365877696446,76.49800722177005,-0.07758882751475024,1.4407970490265494,21
Cathay Pacific,0293.HK,2018,8,2018-08,8.248708807903787,75.69161429031567,-0.13923177102798548,1.5566579449440079,23
Cathay Pacific,0293.HK,2018,9,2018-09,7.851338512019107,72.04527401246371,0.1050924293909347,1.5075964565452278,19
Cathay Pacific,0293.HK,2018,10,2018-10,7.482793399265835,68.66343872493697,-0.7917235927152211,1.7602389683078594,21
Cathay Pacific,0293.HK,2018,11,2018-11,7.478836384686557,68.62712845768777,0.5770044413320882,1.822318665027055,22
Cathay Pacific,0293.HK,2018,12,2018-12,7.610772634807386,69.83779887746152,-0.05684160950212759,1.4034383278974658,19
Cathay Pacific,0293.HK,2019,1,2019-01,8.141732952811502,74.70998488011472,0.35958873781903977,1.273508069592265,22
Cathay Pacific,0293.HK,2019,2,2019-02,8.75626698662253,80.34905811433121,0.5694012763283061,1.346800839615531,17
Cathay Pacific,0293.HK,2019,3,2019-03,9.252257210867745,84.90035233741781,0.20539976599586968,2.0659246797666837,21
Cathay Pacific,0293.HK,2019,4,2019-04,9.574307943645277,87.85554695211353,-0.1291145567254018,1.642385918875674,19
Cathay Pacific,0293.HK,2019,5,2019-05,8.542026928492955,78.3831533620698,-0.7887325137776425,1.3352232569647622,21
Cathay Pacific,0293.HK,2019,6,2019-06,7.947281661786531,72.9256653628088,0.25038590936606175,1.2976730569557737,19
Cathay Pacific,0293.HK,2019,7,2019-07,8.19399163939736,75.18951985225306,-0.23079791992555013,1.3670916824814114,22
Cathay Pacific,0293.HK,2019,8,2019-08,7.256048202514648,66.58278460386684,-0.34247702639769884,1.8377236746559917,22
Cathay Pacific,0293.HK,2019,9,2019-09,7.327565488361177,67.23903989684055,-0.08909756092055535,2.378440632157055,21
Cathay Pacific,0293.HK,2019,10,2019-10,7.091204189118885,65.07014671464178,0.11835862120664105,1.924459730331402,21
Cathay Pacific,0293.HK,2019,11,2019-11,7.21518087387085,66.20777875157903,0.21066310299018076,1.3535471844522922,21
Cathay Pacific,0293.HK,2019,12,2019-12,7.755468082427979,71.16554995534759,0.4925372521562821,1.1888424584818362,20
Cathay Pacific,0293.HK,2020,1,2020-01,7.695029330253601,70.61095325126857,-0.7687368469570999,1.6035538420770723,20
Cathay Pacific,0293.HK,2020,2,2020-02,7.37638487815857,67.68701527195527,0.10336195924444627,1.865549493183033,20
Cathay Pacific,0293.HK,2020,3,2020-03,6.473347772251476,59.40058670453288,-0.8055523181182432,2.11966377430163,22
Cathay Pacific,0293.HK,2020,4,2020-04,6.31265600104081,57.92605052567651,0.5622306961250856,2.956618481840696,19
Cathay Pacific,0293.HK,2020,5,2020-05,6.184418892860412,56.749324088104174,-0.7636714221055768,2.211699208759104,20
Cathay Pacific,0293.HK,2020,6,2020-06,5.841898736499605,53.60629841394301,-0.20290860476483774,2.116367213624565,21
Cathay Pacific,0293.HK,2020,7,2020-07,4.859172344207764,44.58862682793749,-0.9832527688993473,2.0421064710552472,22
Cathay Pacific,0293.HK,2020,8,2020-08,4.625802721296038,42.447185798089855,0.9629430104121042,3.104267606229275,21
Cathay Pacific,0293.HK,2020,9,2020-09,4.858548446135088,44.58290182862266,-0.7276872460687765,3.0453992602248916,22
Cathay Pacific,0293.HK,2020,10,2020-10,4.554251538382636,41.7906194596215,-0.06048250446048756,2.063298509625333,18
Cathay Pacific,0293.HK,2020,11,2020-11,5.332321757362003,48.93032971940627,1.6273203621426353,3.374791086919854,21
Cathay Pacific,0293.HK,2020,12,2020-12,6.092033126137474,55.901575915201356,-0.015697122656880988,3.509189031644724,22
Cathay Pacific,0293.HK,2021,1,2021-01,5.738931822776794,52.6614557604233,-0.8988832340140862,1.7300555300040688,20
Cathay Pacific,0293.HK,2021,2,2021-02,5.54958192507426,50.923947532580655,1.0589187267313962,2.4957506625675423,18
Cathay Pacific,0293.HK,2021,3,2021-03,6.0360017444776455,55.387422024269306,0.06256362987359582,2.649348848137737,23
Cathay Pacific,0293.HK,2021,4,2021-04,5.798114274677477,53.204524430483445,-0.2917477146583244,2.2226447421907825,19
Cathay Pacific,0293.HK,2021,5,2021-05,5.419121527671814,49.72681979897884,-0.11647079935921179,1.457297556054553,20
Cathay Pacific,0293.HK,2021,6,2021-06,5.625564257303874,51.62117488269536,-0.07842052763349953,1.2756555250047594,21
Cathay Pacific,0293.HK,2021,7,2021-07,5.36516489301409,49.231704154333634,-0.237749310220917,1.2365896291867138,21
Cathay Pacific,0293.HK,2021,8,2021-08,5.17727652463046,47.50760717861015,0.22513955859805615,1.388131060774461,22
Cathay Pacific,0293.HK,2021,9,2021-09,5.384323528834751,49.40750719292272,0.023228253489344337,1.4688556537874828,21
Cathay Pacific,0293.HK,2021,10,2021-10,5.872539705700344,53.88746537912932,0.5208018221941804,1.680646362306325,18
Cathay Pacific,0293.HK,2021,11,2021-11,5.844216585159302,53.62756740413515,-0.570879098603763,1.6507751149572056,22
Cathay Pacific,0293.HK,2021,12,2021-12,5.241096756675026,48.09323294142131,0.0762323638725395,1.8266023017424566,22
Cathay Pacific,0293.HK,2022,1,2022-01,5.294004712785993,48.578725725819645,0.07592340448119982,1.514222171515095,21
Cathay Pacific,0293.HK,2022,2,2022-02,5.746104184318991,52.727270621396755,0.43419330434741626,1.4508070768209975,17
Cathay Pacific,0293.HK,2022,3,2022-03,5.968530406122622,54.76829306271276,0.5025615354237197,2.6302432903688513,23
Cathay Pacific,0293.HK,2022,4,2022-04,6.278517564137776,57.61279017684922,0.1405371363359072,2.8892172228893522,18
Cathay Pacific,0293.HK,2022,5,2022-05,6.529630899429321,59.9170506569658,0.21670925056082976,1.9946543067447453,20
Cathay Pacific,0293.HK,2022,6,2022-06,6.557684353419712,60.174474123886725,0.24246456944241535,1.8071805332176927,21
Cathay Pacific,0293.HK,2022,7,2022-07,6.868326091766358,63.024977783184,-0.27146047353335256,1.9950554075487816,20
Cathay Pacific,0293.HK,2022,8,2022-08,6.954539319743281,63.81608564633218,0.03270094240948958,1.597052703721841,23
Cathay Pacific,0293.HK,2022,9,2022-09,6.99363831111363,64.1748649223213,0.08484529201424881,1.4048113679180712,21
Cathay Pacific,0293.HK,2022,10,2022-10,6.397847652435303,58.7077842210069,-0.7296981476013098,1.918225792616017,20
Cathay Pacific,0293.HK,2022,11,2022-11,6.2446791692213575,57.30228306648028,0.589001655041944,2.279753896901475,22
Cathay Pacific,0293.HK,2022,12,2022-12,6.909380006790161,63.40169578517138,0.29350426822228437,2.1777858551350815,20
Cathay Pacific,0293.HK,2023,1,2023-01,6.824079010221693,62.6189587191407,-0.477969463599213,1.7647470524204147,18
Cathay Pacific,0293.HK,2023,2,2023-02,6.351046228408814,58.27832605753575,-0.047520864323878365,1.30983377459368,20
Cathay Pacific,0293.HK,2023,3,2023-03,6.140957085982613,56.350510843611595,-0.0862099336099728,1.2216735254290831,23
Cathay Pacific,0293.HK,2023,4,2023-04,6.356117585126092,58.32486172578543,0.01927930056551054,1.3422816279816832,17
Cathay Pacific,0293.HK,2023,5,2023-05,6.095534324645996,55.93370353338167,-0.27147022515251046,0.9249469873244593,21
Cathay Pacific,0293.HK,2023,6,2023-06,6.33794793628511,58.15813380704204,0.5609142942694338,1.3597061493852458,21
Cathay Pacific,0293.HK,2023,7,2023-07,6.913485360145569,63.439367235326735,0.4966918123574432,1.5797780640085706,20
Cathay Pacific,0293.HK,2023,8,2023-08,7.022367664005445,64.43849055737998,-0.2316018620882101,1.271506701462401,23
Cathay Pacific,0293.HK,2023,9,2023-09,6.751862300069709,61.956285384751446,-0.2001014174977211,1.0941604711791422,19
Cathay Pacific,0293.HK,2023,10,2023-10,6.523062252998352,59.856775592875046,-0.10687125510596585,1.100083738818197,20
Cathay Pacific,0293.HK,2023,11,2023-11,6.4637579484419385,59.312588781244806,0.01767542909354688,1.0815137664052512,22
Cathay Pacific,0293.HK,2023,12,2023-12,6.631725662632992,60.8538903027136,0.18901391900892203,1.0862948679621818,19
Cathay Pacific,0293.HK,2024,1,2024-01,6.534296100789851,59.959859371661786,-0.10033376141495222,1.1053402646791726,22
Cathay Pacific,0293.HK,2024,2,2024-02,6.700004678023489,61.480430651926554,0.3315225964362745,1.0783511851321195,19
Cathay Pacific,0293.HK,2024,3,2024-03,7.123271059989929,65.3643980063279,0.2533528868522211,1.4096521999758433,20
Cathay Pacific,0293.HK,2024,4,2024-04,7.11863329410553,65.32184104442445,0.0014295377453371616,1.6821707540648938,20
Cathay Pacific,0293.HK,2024,5,2024-05,7.318702902112689,67.15771523433185,-0.14159402390344528,1.1600616277467222,21
Cathay Pacific,0293.HK,2024,6,2024-06,7.059621308979235,64.78033660770517,-0.12250656817351176,1.253667891646341,19
Cathay Pacific,0293.HK,2024,7,2024-07,6.994662674990567,64.1842646668476,0.09891244904644396,1.125091233545103,22
Cathay Pacific,0293.HK,2024,8,2024-08,6.802883018146861,62.424460538396154,-0.11168685965854559,1.0799275383549114,22
Cathay Pacific,0293.HK,2024,9,2024-09,7.046800688693398,64.66269232321929,0.3961298653584376,0.9174352700380618,19
Cathay Pacific,0293.HK,2024,10,2024-10,7.1195930526370095,65.33064795884808,-0.13415852361332686,1.2289759980818964,21
Cathay Pacific,0293.HK,2024,11,2024-11,7.707519077119374,70.72556138259719,0.8835582579379574,1.5481337321169637,21
Cathay Pacific,0293.HK,2024,12,2024-12,8.498690223693847,77.98548807642847,-0.06867771260474498,1.6742441553124578,20
Cathay Pacific,0293.HK,2025,1,2025-01,9.060114810341283,83.13721960862893,0.4890793926465263,1.5700013166096998,19
Cathay Pacific,0293.HK,2025,2,2025-02,8.963341426849365,82.2492098864503,-0.08806768096471018,1.781459181702998,20
Cathay Pacific,0293.HK,2025,3,2025-03,9.428730147225517,86.51969928523016,0.061132573398838166,1.4598799387566084,21
Cathay Pacific,0293.HK,2025,4,2025-04,8.360895759180972,76.72106164289316,-0.5046478043792639,1.9636881597955327,19
Cathay Pacific,0293.HK,2025,5,2025-05,9.338655757904053,85.69316072110686,0.8466308143101792,1.6520220670600545,20
Cathay Pacific,0293.HK,2025,6,2025-06,9.691560881478447,88.93148069538867,0.07042635564841246,1.0590147347245047,21
Cathay Pacific,0293.HK,2025,7,2025-07,10.826937545429576,99.34989823483066,0.4174734762274994,1.4579965428510797,22
Cathay Pacific,0293.HK,2025,8,2025-08,10.075985318138486,92.4590274740509,-0.39215570908706937,2.0952334852659447,21
Cathay Pacific,0293.HK,2025,9,2025-09,9.989851474761963,91.6686480580687,-0.016115237571869633,1.38862464659793,22
Cathay Pacific,0293.HK,2025,10,2025-10,10.229182386398316,93.86479093002589,0.2849485747715824,0.7495020169656834,20
Cathay Pacific,0293.HK,2025,11,2025-11,11.191333055496216,102.69365603249453,0.43892858001175206,1.267932152194366,20
Cathay Pacific,0293.HK,2025,12,2025-12,11.469613885879516,105.24721026362204,0.2000685855625351,1.3798524308265627,20
Korean Air,003490.KS,2015,1,2015-01,24040.778738839286,99.4093827123346,0.28344045166089565,,21
Korean Air,003490.KS,2015,2,2015-02,26026.754365808825,107.6214549294393,0.602147860859735,2.112577336881455,17
Korean Air,003490.KS,2015,3,2015-03,26335.330433238636,108.89742675698412,-0.1260364032672712,2.3205919810772127,22
Korean Air,003490.KS,2015,4,2015-04,28083.22185724432,116.12501324227023,-0.24140628540923068,2.289480253247472,22
Korean Air,003490.KS,2015,5,2015-05,24092.943033854168,99.62508372698916,-0.6514296441760252,2.352326124132989,18
Korean Air,003490.KS,2015,6,2015-06,21418.35174005682,88.56556388312342,0.04992811864147605,2.633468604861704,22
Korean Air,003490.KS,2015,7,2015-07,22062.957710597828,91.2310300196526,-0.5803272836437923,3.106520887612999,23
Korean Air,003490.KS,2015,8,2015-08,19383.290178571428,80.15051976968012,-0.18102992287973002,3.4972356092795462,21
Korean Air,003490.KS,2015,9,2015-09,17739.00654296875,73.35135477611104,-0.28234869730851153,3.0346703870984015,20
Korean Air,003490.KS,2015,10,2015-10,17929.04417782738,74.13716642467001,-0.06842992740210856,1.790154095967943,21
Korean Air,003490.KS,2015,11,2015-11,16283.029482886905,67.33084344582608,-0.3972724385196691,1.386283515409509,21
Korean Air,003490.KS,2015,12,2015-12,15577.213634672618,64.41227252340376,-0.09152469105140126,1.594008433837417,21
Korean Air,003490.KS,2016,1,2016-01,14011.102490234374,57.93635326060577,-0.5442275131087626,1.5792748002998647,20
Korean Air,003490.KS,2016,2,2016-02,14320.284939236111,59.21483249518628,0.22613488960792014,1.9151148824814967,18
Korean Air,003490.KS,2016,3,2016-03,16657.728915127842,68.88023748444581,0.8743626738672471,2.0230043552987698,22
Korean Air,003490.KS,2016,4,2016-04,17199.258203125,71.11947826883343,-0.27997339298599877,1.9247612398147205,20
Korean Air,003490.KS,2016,5,2016-05,15750.604833984375,65.12925063291425,-0.24952799820688432,1.8139984587756217,20
Korean Air,003490.KS,2016,6,2016-06,14900.6962890625,61.614851838663654,-0.29234996883037645,1.7255710649817992,21
Korean Air,003490.KS,2016,7,2016-07,14871.39857700893,61.49370486993323,0.45835347932434073,1.7787201024871848,21
Korean Air,003490.KS,2016,8,2016-08,16481.032359730114,68.14959162266655,0.5037850431151741,1.9128266369001672,22
Korean Air,003490.KS,2016,9,2016-09,18887.537006578947,78.10056467709255,0.5862245410575854,3.207106604716438,19
Korean Air,003490.KS,2016,10,2016-10,17924.98271484375,74.12037214639402,-0.4243347209998771,2.6974348798346375,20
Korean Air,003490.KS,2016,11,2016-11,17194.1728515625,71.09845017880379,-0.09145077928947183,1.8607865506865493,22
Korean Air,003490.KS,2016,12,2016-12,16357.60584077381,67.63921905141719,-0.6218594099023007,1.7061912453224877,21
Korean Air,003490.KS,2017,1,2017-01,15227.74658203125,62.96721517485571,0.09134872240862624,1.5644421041469925,20
Korean Air,003490.KS,2017,2,2017-02,16186.348681640626,66.93106526574161,0.4786512423907019,1.6889643825680136,20
Korean Air,003490.KS,2017,3,2017-03,17342.899458451706,71.71343941623103,0.42621636991393275,2.132850247720708,22
Korean Air,003490.KS,2017,4,2017-04,18015.7896484375,74.49586169740306,-0.13389723448176738,2.0030138197793255,20
Korean Air,003490.KS,2017,5,2017-05,19628.13980263158,81.16298073234617,0.7930825992032449,1.8691845919263004,19
Korean Air,003490.KS,2017,6,2017-06,22179.88829985119,91.7145417155149,0.4288399272041948,1.8306499027194572,21
Korean Air,003490.KS,2017,7,2017-07,21498.96456473214,88.89890047037485,-0.3733647249527638,1.9911406527119238,21
Korean Air,003490.KS,2017,8,2017-08,20493.594992897728,84.74166539826967,-0.29879012930592785,2.1142777090898472,22
Korean Air,003490.KS,2017,9,2017-09,18891.4443359375,78.1167216079394,-0.3580281240590849,1.78282769390336,20
Korean Air,003490.KS,2017,10,2017-10,18049.326904296875,74.63453931425829,0.19829343705986963,1.9311450107755987,16
Korean Air,003490.KS,2017,11,2017-11,18530.273792613636,76.62326995415835,-0.024926015898494504,2.286281014109491,22
Korean Air,003490.KS,2017,12,2017-12,19241.34646267361,79.56357800167072,0.4937310274380596,2.1319389235234416,18
Korean Air,003490.KS,2018,1,2018-01,21879.089754971592,90.47073019043562,0.6134721145929641,2.2784347350323966,22
Korean Air,003490.KS,2018,2,2018-02,21092.207899305555,87.21694875560537,-0.9022604239943216,1.9398926560547052,18
Korean Air,003490.KS,2018,3,2018-03,19374.739211309523,80.11516124879634,0.18518609322677884,1.8195119620651852,21
Korean Air,003490.KS,2018,4,2018-04,20490.798735119046,84.73010278365129,0.07511383610599678,2.314793140911411,21
Korean Air,003490.KS,2018,5,2018-05,19615.7033203125,81.11155548344377,-0.31684578041825673,2.1577178100520817,20
Korean Air,003490.KS,2018,6,2018-06,18055.95579769737,74.66194999875265,-0.6138629171618296,1.8860570900732387,19
Korean Air,003490.KS,2018,7,2018-07,16745.524058948864,69.24327318920393,0.16768003639939494,2.389525447203841,22
Korean Air,003490.KS,2018,8,2018-08,16764.427867542614,69.32144103741015,-0.17180169047341098,1.8035772596163242,22
Korean Air,003490.KS,2018,9,2018-09,16732.657513786766,69.19006961680307,0.02057665741078815,1.4960685846540827,17
Korean Air,003490.KS,2018,10,2018-10,15848.330124627977,65.53334780979019,-0.07684470587435653,1.8058671968484166,21
Korean Air,003490.KS,2018,11,2018-11,18650.69549005682,77.1212174931313,0.723923754021949,2.7351503702945514,22
Korean Air,003490.KS,2018,12,2018-12,19294.448293585527,79.78315575700026,0.2392759721890558,2.5870075195725932,19
Korean Air,003490.KS,2019,1,2019-01,20813.702681107956,86.0653208435503,0.4616335357893988,1.8469270285777184,22
Korean Air,003490.KS,2019,2,2019-02,21568.728056066175,89.18737472009495,0.07438039078696883,1.966206047448773,17
Korean Air,003490.KS,2019,3,2019-03,20129.34560546875,83.23548262644616,-0.7001260339750282,1.7332719369134737,20
Korean Air,003490.KS,2019,4,2019-04,20266.76154119318,83.8037018798073,0.21665592662719108,2.356030199185531,22
Korean Air,003490.KS,2019,5,2019-05,19303.361979166668,79.8200141296403,-0.22438770024958685,2.3349080758919962,21
Korean Air,003490.KS,2019,6,2019-06,18713.871196546053,77.38245104353888,-0.44588111737761704,1.371698900574668,19
Korean Air,003490.KS,2019,7,2019-07,16827.052479619564,69.58039579494101,-0.5347495598510916,1.0707823001141368,23
Korean Air,003490.KS,2019,8,2019-08,13926.984142485118,57.588521224240594,-0.6522470879747317,1.5071096420021395,21
Korean Air,003490.KS,2019,9,2019-09,13891.65095600329,57.44241737729058,0.1746489851736363,1.6196912934524754,19
Korean Air,003490.KS,2019,10,2019-10,14545.58142671131,60.14644061780435,0.42066462238101043,1.8060967591296189,21
Korean Air,003490.KS,2019,11,2019-11,15487.730050223214,64.04225506308617,-0.006683221491904632,2.0813994423221422,21
Korean Air,003490.KS,2019,12,2019-12,16104.973095703124,66.59457463647458,0.7257989725047403,2.08271568500601,20
Korean Air,003490.KS,2020,1,2020-01,15741.29833984375,65.09076798441997,-0.9017742696952318,2.117680399516411,20
Korean Air,003490.KS,2020,2,2020-02,14783.4701171875,61.13011789928436,-0.2576340814114586,2.6098985897256055,20
Korean Air,003490.KS,2020,3,2020-03,11952.436723188921,49.42370500839345,-0.4586961664570943,4.5017391273381655,22
Korean Air,003490.KS,2020,4,2020-04,11682.503662109375,48.30752323794951,0.32283567307290645,6.998745036030181,20
Korean Air,003490.KS,2020,5,2020-05,11599.481393914473,47.96422352531169,0.2829822212033001,3.4082733775963687,19
Korean Air,003490.KS,2020,6,2020-06,13462.80126953125,55.669110319658145,-0.01893724028727206,3.098830664939376,22
Korean Air,003490.KS,2020,7,2020-07,12506.13429857337,51.71326204713278,0.046147941679712715,2.5978338734585447,23
Korean Air,003490.KS,2020,8,2020-08,12858.501806640625,53.1703128708758,0.10994887622614855,2.8460269169812493,20
Korean Air,003490.KS,2020,9,2020-09,13119.480515252977,54.249468109815815,0.3260309787385018,2.349781756807514,21
Korean Air,003490.KS,2020,10,2020-10,14426.231599506578,59.652925296269515,0.3158279792125293,1.7189268381520775,19
Korean Air,003490.KS,2020,11,2020-11,16657.97921316964,68.88127247478867,1.2849634474515028,3.2733722258922393,21
Korean Air,003490.KS,2020,12,2020-12,18941.96456473214,78.32562435661981,0.32826433970419205,3.9407419322639097,21
Korean Air,003490.KS,2021,1,2021-01,22696.626171875,93.8512692084136,1.4554708763201374,2.456203664627078,20
Korean Air,003490.KS,2021,2,2021-02,25931.605143229168,107.22800987572641,-0.08766445768072509,3.182670987237827,18
Korean Air,003490.KS,2021,3,2021-03,24466.850941051136,101.17120478444316,-0.1384484435401547,2.116474963871003,22
Korean Air,003490.KS,2021,4,2021-04,23580.648082386364,97.50672785152892,-0.04503615459490538,1.6289394195220444,22
Korean Air,003490.KS,2021,5,2021-05,26187.23509457237,108.28504783368396,0.9383355551111168,1.915605368790431,19
Korean Air,003490.KS,2021,6,2021-06,28933.961647727272,119.64284926328486,-0.0447556651702753,2.332469798535215,22
Korean Air,003490.KS,2021,7,2021-07,27065.313565340908,111.91593016492352,-0.2293093212230015,1.6004203838990336,22
Korean Air,003490.KS,2021,8,2021-08,26358.699311755954,108.99405781096627,0.2429968370436176,1.632092118652173,21
Korean Air,003490.KS,2021,9,2021-09,28425.222450657893,117.53919654505857,0.40520512739507025,2.063640535170398,19
Korean Air,003490.KS,2021,10,2021-10,27587.13826069079,114.07369183364094,-0.5179354739728221,1.9868607861586833,19
Korean Air,003490.KS,2021,11,2021-11,26088.885387073864,107.8783686733051,-0.6197053087422643,1.533599614322242,22
Korean Air,003490.KS,2021,12,2021-12,25597.664151278408,105.84715328065539,0.47676608280780425,1.6287953231864278,22
Korean Air,003490.KS,2022,1,2022-01,24589.999794407893,101.68042919963023,-0.4979225328401045,1.4536414495071153,19
Korean Air,003490.KS,2022,2,2022-02,26125.198350694445,108.02852392980458,0.48040074920820963,2.107387429039834,18
Korean Air,003490.KS,2022,3,2022-03,25640.34142485119,106.02362516069735,0.2326602860047785,2.271132093660899,21
Korean Air,003490.KS,2022,4,2022-04,27503.451264880954,113.72764345122869,0.004180568627168842,1.9285325718503634,21
Korean Air,003490.KS,2022,5,2022-05,25753.4515625,106.49133916798155,-0.17148353370844194,1.5802067101946675,20
Korean Air,003490.KS,2022,6,2022-06,23583.2537109375,97.51750220824424,-0.6879579519870815,1.8156641685304014,20
Korean Air,003490.KS,2022,7,2022-07,22096.86160714286,91.37122370737367,0.036601742003672895,2.0682149752511054,21
Korean Air,003490.KS,2022,8,2022-08,22896.94646661932,94.67959998178884,0.28944042315519514,1.891450208609584,22
Korean Air,003490.KS,2022,9,2022-09,21911.4955078125,90.60472900641568,-0.935775726622748,2.0954438944176883,20
Korean Air,003490.KS,2022,10,2022-10,19484.881784539473,80.5706042830708,0.2794999049881061,2.873371385133106,19
Korean Air,003490.KS,2022,11,2022-11,21878.41388494318,90.46793544642804,0.4740779930414405,2.9859200218602835,22
Korean Air,003490.KS,2022,12,2022-12,22076.327473958332,91.28631441526707,-0.32188645916127123,2.2617293691320635,21
Korean Air,003490.KS,2023,1,2023-01,21772.43759765625,90.02972013669188,0.28300458807802686,1.8595223422186398,20
Korean Air,003490.KS,2023,2,2023-02,21362.7529296875,88.33566103852776,-0.3154900033146363,1.3005738279804768,20
Korean Air,003490.KS,2023,3,2023-03,20924.929066051136,86.52524547363987,0.0996890750447419,1.2244570525517586,22
Korean Air,003490.KS,2023,4,2023-04,20971.276953125,86.71689545694888,-0.07296694932153958,1.1595200020802823,20
Korean Air,003490.KS,2023,5,2023-05,20506.9689453125,84.79696711575642,-0.16453161727951082,0.7824474240205385,20
Korean Air,003490.KS,2023,6,2023-06,21199.530133928572,87.66072960027269,0.4764145610441922,1.1800245072588977,21
Korean Air,003490.KS,2023,7,2023-07,23039.857235863095,95.27054054606086,0.06411507649736087,1.6660232802026722,21
Korean Air,003490.KS,2023,8,2023-08,21694.638583096592,89.70801874352905,-0.3340353414359388,1.7585041746743235,22
Korean Air,003490.KS,2023,9,2023-09,20515.354132401317,84.83164013036554,-0.24345852059896209,1.2859616744424016,19
Korean Air,003490.KS,2023,10,2023-10,18336.601254111843,75.82242786372763,-0.2967711874052876,1.2126911222172014,19
Korean Air,003490.KS,2023,11,2023-11,19737.259055397728,81.61419230404077,0.42939199174061354,1.7201513808690445,22
Korean Air,003490.KS,2023,12,2023-12,21161.141550164473,87.50199158863647,0.5037084365791837,1.5485192061496378,19
Korean Air,003490.KS,2024,1,2024-01,21424.786576704544,88.59217213678916,-0.25970246530721347,1.5716848235153529,22
Korean Air,003490.KS,2024,2,2024-02,21708.855571546053,89.76680644176223,0.12489471238275508,1.5877487329748778,19
Korean Air,003490.KS,2024,3,2024-03,20670.4021484375,85.47276859514479,-0.2867791192660296,1.204858275387093,20
Korean Air,003490.KS,2024,4,2024-04,19604.649274553572,81.06584665357155,-0.1592818126912984,1.0579564523752618,21
Korean Air,003490.KS,2024,5,2024-05,20083.0408203125,83.04401087093379,-0.018793673263839406,1.1320676146731112,20
Korean Air,003490.KS,2024,6,2024-06,20714.670435855263,85.65581936790625,0.5901646398471729,1.2107066150221955,19
Korean Air,003490.KS,2024,7,2024-07,20675.100458559784,85.49219625654132,-0.3852291161781603,1.6316544299499336,23
Korean Air,003490.KS,2024,8,2024-08,20041.86951264881,82.87376620769854,0.18953521990556566,1.4730807854702233,21
Korean Air,003490.KS,2024,9,2024-09,20957.03396267361,86.65800023961289,0.13332697398605073,1.4705923696913148,18
Korean Air,003490.KS,2024,10,2024-10,21426.92236328125,88.60100368203577,0.30155874551425155,1.4140968018710398,20
Korean Air,003490.KS,2024,11,2024-11,22861.202101934523,94.53179589992607,0.40525451671650864,1.4731172535306922,21
Korean Air,003490.KS,2024,12,2024-12,22786.9443359375,94.22473768190606,-0.5097507513584365,1.8050044475903473,20
Korean Air,003490.KS,2025,1,2025-01,22878.832139756945,94.60469666558598,0.5303186562254623,2.0062003228904626,18
Korean Air,003490.KS,2025,2,2025-02,23193.92841796875,95.90762977155,-0.2319125568906144,1.8261759391746502,20
Korean Air,003490.KS,2025,3,2025-03,22216.2951171875,91.86508506010617,-0.5019609468348785,1.5838902908587764,20
Korean Air,003490.KS,2025,4,2025-04,20183.3994140625,83.45899683968894,-0.052775113451541934,1.8370774417206968,22
Korean Air,003490.KS,2025,5,2025-05,21751.290090460527,89.94227452359137,0.39927602022844044,2.3054826660435155,19
Korean Air,003490.KS,2025,6,2025-06,21802.361533717107,90.15345656155765,0.1235275602511354,1.9123917720723087,19
Korean Air,003490.KS,2025,7,2025-07,23841.21866508152,98.58419547685469,0.16646549219585718,2.3647783422431243,23
Korean Air,003490.KS,2025,8,2025-08,23584.496484375,97.52264111583185,0.029094644477239952,1.9288670355288264,20
Korean Air,003490.KS,2025,9,2025-09,22720.186941964286,93.94869374013308,-0.19951814883435184,1.6088361281800916,21
Korean Air,003490.KS,2025,10,2025-10,21722.491319444445,89.82319069187848,-0.1412846616631732,1.1962827983790012,18
Korean Air,003490.KS,2025,11,2025-11,21100.3859375,87.25076520296504,-0.059379864866809795,1.2343114606956638,20
Korean Air,003490.KS,2025,12,2025-12,21759.072358630954,89.97445444934701,0.15767349208108697,1.2955119568774893,21
Qantas,QAN.AX,2015,1,2015-01,2.127949666976929,100.59917890990506,0.42763800472521823,,20
Qantas,QAN.AX,2015,2,2015-02,2.2992694973945618,108.69835274773482,0.5401913528046859,2.521193369446997,20
Qantas,QAN.AX,2015,3,2015-03,2.5976092273538764,122.8024137299419,0.3658569982421064,2.0336507055660293,22
Qantas,QAN.AX,2015,4,2015-04,2.8980149030685425,137.00414264569366,0.43529036495341566,1.894648625956347,20
Qantas,QAN.AX,2015,5,2015-05,3.0376388231913247,143.60488698589631,0.21099384035364177,2.361449976554082,21
Qantas,QAN.AX,2015,6,2015-06,2.8211997350056968,133.37269263779626,-0.4919759279666343,2.2896597234033242,21
Qantas,QAN.AX,2015,7,2015-07,3.0912057835122813,146.13727405717668,0.7722056864440097,2.388029038125134,23
Qantas,QAN.AX,2015,8,2015-08,3.192892301650274,150.94452132887645,-0.48284655626617573,2.30829953201522,21
Qantas,QAN.AX,2015,9,2015-09,3.1542397520758887,149.11721553762544,0.47495000758587563,2.4960944496794824,22
Qantas,QAN.AX,2015,10,2015-10,3.3171651038256558,156.81953898257734,0.012948223941029862,1.9296361333541305,22
Qantas,QAN.AX,2015,11,2015-11,3.0575338772365024,144.54542901674068,-0.36433686506022084,2.1754707898598213,21
Qantas,QAN.AX,2015,12,2015-12,3.1744835593483667,150.07424493602977,0.5461913451047674,2.2193278306181417,22
Qantas,QAN.AX,2016,1,2016-01,3.281752084430895,155.14538252619155,-0.26908132635903653,1.7182880184070781,19
Qantas,QAN.AX,2016,2,2016-02,3.184556552342006,150.55044737636518,-0.007026474837496231,1.4452822939897845,21
Qantas,QAN.AX,2016,3,2016-03,3.256470941361927,153.95021222958619,0.2648912815933877,1.8328124223958269,21
Qantas,QAN.AX,2016,4,2016-04,3.0762160301208494,145.4286309409218,-1.1153226340498468,2.1569187969003627,20
Qantas,QAN.AX,2016,5,2016-05,2.678668737411499,126.63451572050295,-0.1795684794001904,2.8448994852902967,22
Qantas,QAN.AX,2016,6,2016-06,2.3766922042483376,112.3585242542992,-0.38235701725800486,2.2614910598579914,21
Qantas,QAN.AX,2016,7,2016-07,2.4325822989145913,115.00073789303136,0.5554446081888016,2.4590770339370907,21
Qantas,QAN.AX,2016,8,2016-08,2.6856759423794956,126.96578251556548,0.11919585297564225,1.6795199114247783,23
Qantas,QAN.AX,2016,9,2016-09,2.704573642123829,127.85917445385635,-0.06789299648106505,1.4976668259230395,22
Qantas,QAN.AX,2016,10,2016-10,2.641906988053095,124.89659782792374,-0.07568852616799933,1.3024204244284068,21
Qantas,QAN.AX,2016,11,2016-11,2.5961036682128906,122.73123816797542,0.36063867993313603,1.9291953514092706,22
Qantas,QAN.AX,2016,12,2016-12,2.7857354164123533,131.6961110031573,0.05912895252583761,1.9490631152826279,20
Qantas,QAN.AX,2017,1,2017-01,2.8812750577926636,136.21276364083934,0.12854137802594867,1.5229784381116347,20
Qantas,QAN.AX,2017,2,2017-02,2.901388669013977,137.16363799899642,0.48911458765856236,1.424839225460926,20
Qantas,QAN.AX,2017,3,2017-03,3.258593227552331,154.05054366668725,0.24682182364582542,1.4203606997487632,23
Qantas,QAN.AX,2017,4,2017-04,3.392424092573278,160.3774203512454,0.516327147328893,1.073842671487426,17
Qantas,QAN.AX,2017,5,2017-05,4.066937913065371,192.26517482115568,0.7381479517701159,1.3983757001390573,23
Qantas,QAN.AX,2017,6,2017-06,4.629133860270183,218.84308291407936,0.6439475176003226,1.3989119234131888,21
Qantas,QAN.AX,2017,7,2017-07,4.730801582336426,223.6494415983214,-0.33231261698217507,1.5752686518097232,21
Qantas,QAN.AX,2017,8,2017-08,4.88567242415055,230.97098672947112,0.33630981219500383,1.7752340580673587,23
Qantas,QAN.AX,2017,9,2017-09,4.967591717129662,234.84373510245604,0.15582394007113726,1.8069042349831779,21
Qantas,QAN.AX,2017,10,2017-10,5.378964337435636,254.29144501355975,0.25760187334145496,1.3104892354509639,22
Qantas,QAN.AX,2017,11,2017-11,5.068450429222801,239.61184770396065,-0.35967743168725225,1.6521680383028567,22
Qantas,QAN.AX,2017,12,2017-12,4.568008046401174,215.95334976820203,-0.6102492897774443,1.4389237965237494,19
Qantas,QAN.AX,2018,1,2018-01,4.414612020765032,208.70152682026477,0.2271627900502726,1.5424459661828902,21
Qantas,QAN.AX,2018,2,2018-02,4.615021467208862,218.17591715520143,0.5788580434744306,1.6928073322196489,20
Qantas,QAN.AX,2018,3,2018-03,5.165152322678339,244.1834460042534,0.020382268055685326,2.017392044332038,21
Qantas,QAN.AX,2018,4,2018-04,5.187173567320171,245.2245040536619,-0.045508872528673826,1.4574469283809648,19
Qantas,QAN.AX,2018,5,2018-05,5.498433009437893,259.93934660418233,0.43972791275721657,2.034354081755356,23
Qantas,QAN.AX,2018,6,2018-06,5.643227672576904,266.78453869136854,-0.14198282957076092,1.5528828507121477,20
Qantas,QAN.AX,2018,7,2018-07,5.76387509432706,272.48816587485595,0.40418494868881166,1.4804380664901005,22
Qantas,QAN.AX,2018,8,2018-08,5.7906477762305215,273.75384892107695,-0.18070029242381735,1.3212099087626423,23
Qantas,QAN.AX,2018,9,2018-09,5.430909323692322,256.74715298776795,-0.34617379041126883,1.3479878479686542,20
Qantas,QAN.AX,2018,10,2018-10,4.9054013542507,231.90367522283464,-0.3057175597437702,1.497551274226655,23
Qantas,QAN.AX,2018,11,2018-11,5.108976039019498,241.52770273269482,0.4029223186480529,1.972236385309409,22
Qantas,QAN.AX,2018,12,2018-12,5.044826281698127,238.49501215079417,-0.13565396997297788,1.7596704594866512,19
Qantas,QAN.AX,2019,1,2019-01,5.266739640917097,248.98600358400893,-0.2789930955281593,1.7596465557953507,21
Qantas,QAN.AX,2019,2,2019-02,5.0193002939224245,237.28826677943957,0.2741258353113052,1.9222104635255348,20
Qantas,QAN.AX,2019,3,2019-03,5.053818929763067,238.9201411026664,0.05225145580258508,1.6269892376380408,21
Qantas,QAN.AX,2019,4,2019-04,5.180872515628212,244.92662077365912,-0.039808024797255134,1.2737420817987821,19
Qantas,QAN.AX,2019,5,2019-05,4.975322205087413,235.2091952226794,-0.03493538500079858,1.416125177496582,23
Qantas,QAN.AX,2019,6,2019-06,4.972910931235866,235.09520184522458,-0.13615571850184027,1.5027329241235268,19
Qantas,QAN.AX,2019,7,2019-07,5.152250497237496,243.57351003352548,0.252602060298634,1.3099722538552347,23
Qantas,QAN.AX,2019,8,2019-08,5.261753819205544,248.7502980228497,0.32419395460588063,1.5678370724400919,22
Qantas,QAN.AX,2019,9,2019-09,5.754123233613514,272.02714501714917,0.25321991884171624,1.711346939532816,21
Qantas,QAN.AX,2019,10,2019-10,5.992196953814963,283.2821202376472,0.09679622398228244,1.5774497698373524,23
Qantas,QAN.AX,2019,11,2019-11,6.443999267759777,304.6411507249676,0.631911476699422,1.7086117505083143,21
Qantas,QAN.AX,2019,12,2019-12,6.757382440567016,319.45639300152794,-0.1260198183936223,1.445202986371346,20
Qantas,QAN.AX,2020,1,2020-01,6.390081973302932,302.09220154840744,-0.4750295857682819,1.3662750580557286,21
Qantas,QAN.AX,2020,2,2020-02,5.830690050125122,275.64685416363284,-0.7028268631605034,1.9520501907731063,20
Qantas,QAN.AX,2020,3,2020-03,3.32296391508796,157.0936787616775,-2.015737109524919,4.975537725815524,22
Qantas,QAN.AX,2020,4,2020-04,3.1986427783966063,151.21637608559317,0.9875921664248333,8.169857025551673,20
Qantas,QAN.AX,2020,5,2020-05,3.367620445433117,159.2048237550975,0.21093266678526854,4.506220234566796,21
Qantas,QAN.AX,2020,6,2020-06,3.998717773528326,189.04005623444792,-0.16419115087010502,3.633114759749561,21
Qantas,QAN.AX,2020,7,2020-07,3.371770889862724,159.40103671455287,-0.651334146974602,3.586558041613279,23
Qantas,QAN.AX,2020,8,2020-08,3.360107410521734,158.8496437642661,0.9687487844867823,2.594096919009317,21
Qantas,QAN.AX,2020,9,2020-09,3.6663552089170977,173.32756001371735,0.16374071056386896,2.321485276139719,22
Qantas,QAN.AX,2020,10,2020-10,4.016074256463484,189.8605868885029,0.17258114732075905,2.565699188769429,22
Qantas,QAN.AX,2020,11,2020-11,4.717320374080113,223.01211520740858,1.224681162575608,2.3396887236844033,21
Qantas,QAN.AX,2020,12,2020-12,4.7632826169331866,225.1849879795572,-0.4727799758161315,2.3839278422013406,21
Qantas,QAN.AX,2021,1,2021-01,4.458224321666517,210.76330569085903,-0.38474839580438774,1.7568759781621013,19
Qantas,QAN.AX,2021,2,2021-02,4.423714208602905,209.13183428335182,0.5503398937417009,1.6411338897904877,20
Qantas,QAN.AX,2021,3,2021-03,4.812722848809284,227.52228326855547,0.09026725500453914,2.026750703513097,23
Qantas,QAN.AX,2021,4,2021-04,4.760608792304993,225.05858246991585,-0.12938274080805667,1.6137823328982723,20
Qantas,QAN.AX,2021,5,2021-05,4.344760690416608,205.399293413213,-0.22123807376987095,1.459365463520813,21
Qantas,QAN.AX,2021,6,2021-06,4.393816630045573,207.71842122150304,-0.033532977850995044,1.7150587335924454,21
Qantas,QAN.AX,2021,7,2021-07,4.3590435331518,206.07451720913147,-0.05666895237136069,1.8656677475262264,22
Qantas,QAN.AX,2021,8,2021-08,4.27340677651492,202.02602511560542,0.49486966551145933,1.6136793739863953,22
Qantas,QAN.AX,2021,9,2021-09,5.068606246601451,239.6192139967802,0.5123960571082815,2.1717198988137136,22
Qantas,QAN.AX,2021,10,2021-10,5.210088866097586,246.3078286629127,-0.268599141348765,1.914411211860864,21
Qantas,QAN.AX,2021,11,2021-11,5.079996455799449,240.15768805503106,-0.22966363904432266,1.6495524652181275,22
Qantas,QAN.AX,2021,12,2021-12,4.587830520811535,216.89046058458604,-0.03885733102356525,1.9280571127835433,21
Qantas,QAN.AX,2022,1,2022-01,4.60867176557842,217.87573394116293,-0.22678746012759005,1.6153551918600362,19
Qantas,QAN.AX,2022,2,2022-02,4.867802572250366,230.12618647112953,0.3271520960047269,2.2230565371930817,20
Qantas,QAN.AX,2022,3,2022-03,4.6412289453589395,219.41488009878577,0.15080167441695022,2.7563457357945125,23
Qantas,QAN.AX,2022,4,2022-04,4.924518797132704,232.80745555496944,0.4251055784765608,2.2471564285324366,18
Qantas,QAN.AX,2022,5,2022-05,5.080418369986794,240.17763411929943,-0.05856352705830545,2.0580424484839064,22
Qantas,QAN.AX,2022,6,2022-06,4.5056286085219615,213.0043513360984,-0.9594952299954583,2.1005345952739676,21
Qantas,QAN.AX,2022,7,2022-07,4.161353554044451,196.7286901505579,0.10889224930904443,2.285612198310901,21
Qantas,QAN.AX,2022,8,2022-08,4.42010267921116,208.96109862307904,0.6961935352537337,1.7096632155887748,23
Qantas,QAN.AX,2022,9,2022-09,4.826038769313267,228.15179565313807,-0.25913929668949814,2.2759753451344653,21
Qantas,QAN.AX,2022,10,2022-10,5.203901745024181,246.01533147209102,0.7534583805971903,2.371900243620832,21
Qantas,QAN.AX,2022,11,2022-11,5.5685062841935595,263.25207247046797,0.3147360652508671,2.1639767292652703,22
Qantas,QAN.AX,2022,12,2022-12,5.707254862785339,269.81143489236155,-0.1774289078924174,1.6127440071195953,20
Qantas,QAN.AX,2023,1,2023-01,5.936027669906617,280.62670788047217,0.27504829109527507,1.472941412418042,20
Qantas,QAN.AX,2023,2,2023-02,5.969902801513672,282.2281604326728,0.08310875022100928,1.2764749430661468,20
Qantas,QAN.AX,2023,3,2023-03,6.027706229168436,284.9608272106932,0.14803701816949238,1.9884024996068608,23
Qantas,QAN.AX,2023,4,2023-04,6.130270228666418,289.80955756147773,-0.008923301407658206,1.7581166311021152,17
Qantas,QAN.AX,2023,5,2023-05,5.972021144369374,282.32830544796167,0.04373190967930434,1.4220772021080705,23
Qantas,QAN.AX,2023,6,2023-06,5.918084803081694,279.77845582926585,-0.31562087271232997,1.6608694056648061,21
Qantas,QAN.AX,2023,7,2023-07,5.925155775887625,280.112737259607,0.25210820870673034,1.5742021347285573,21
Qantas,QAN.AX,2023,8,2023-08,5.836036682128906,275.89961709212736,-0.42771001080174254,1.1026305682218611,23
Qantas,QAN.AX,2023,9,2023-09,5.066014948345366,239.49670993527988,-0.6199354224241654,1.0989110267786106,21
Qantas,QAN.AX,2023,10,2023-10,4.545504179867831,214.88947568758587,-0.22992374048847763,1.3416198695894406,22
Qantas,QAN.AX,2023,11,2023-11,4.874974099072543,230.46522160952463,0.3557553374141335,1.4821908183026868,22
Qantas,QAN.AX,2023,12,2023-12,5.034125001806962,237.9891073415579,0.07559977406038935,1.2118636091207993,19
Qantas,QAN.AX,2024,1,2024-01,4.974532172793434,235.17184631291897,0.17213837812952767,1.1128536636356179,21
Qantas,QAN.AX,2024,2,2024-02,5.156171707879929,243.75888592708318,-0.3625332257745581,1.433589297374529,21
Qantas,QAN.AX,2024,3,2024-03,4.8269668340682985,228.19567007074306,0.31171164046003397,1.8485643457658767,20
Qantas,QAN.AX,2024,4,2024-04,5.284512329101562,249.826210411325,0.418140622994958,1.7373143424828452,20
Qantas,QAN.AX,2024,5,2024-05,5.664542840874714,267.7922168626912,0.19314464894901115,1.8210682695065037,23
Qantas,QAN.AX,2024,6,2024-06,5.6447068515576815,266.854467126818,-0.25818734122484466,1.4008659084151298,19
Qantas,QAN.AX,2024,7,2024-07,5.644770580789317,266.8574799369773,0.4408736836591989,1.1203970393325255,23
Qantas,QAN.AX,2024,8,2024-08,5.681985660032793,268.6168290762261,0.1944426400864855,1.8356926070442086,22
Qantas,QAN.AX,2024,9,2024-09,6.549624147869292,309.63458472219634,0.48548762647451066,1.6492372600336114,21
Qantas,QAN.AX,2024,10,2024-10,6.942071106122888,328.18758077218683,0.38466337481675017,1.4629623450869997,23
Qantas,QAN.AX,2024,11,2024-11,8.029255730765206,379.58441701308675,0.3973766701610823,1.3746807011834312,21
Qantas,QAN.AX,2024,12,2024-12,8.328629446029662,393.7373598247451,0.12666603162794166,1.351506045840904,20
Qantas,QAN.AX,2025,1,2025-01,8.561799458095006,404.76051141719324,0.24452837585544562,1.6446451081148983,21
Qantas,QAN.AX,2025,2,2025-02,8.621903991699218,407.60196336654155,0.0684788942576314,1.493984962788025,20
Qantas,QAN.AX,2025,3,2025-03,8.878606432960147,419.73761451270065,-0.07424637984929916,2.2215186953402095,21
Qantas,QAN.AX,2025,4,2025-04,8.134101842579089,384.54103460797415,-0.09049097165603846,2.6328463995673075,19
Qantas,QAN.AX,2025,5,2025-05,9.500382076610219,449.13216278988654,0.8327898232203933,1.941444298018355,22
Qantas,QAN.AX,2025,6,2025-06,9.973449850082398,471.4965214580346,0.08037796362565744,1.543488086026671,20
Qantas,QAN.AX,2025,7,2025-07,10.336569537287174,488.6630658296962,0.0562247649949885,1.53010645784679,23
Qantas,QAN.AX,2025,8,2025-08,10.763630730765206,508.85245567988386,0.4017273545308819,1.2181345707827578,21
Qantas,QAN.AX,2025,9,2025-09,10.932779615575617,516.848997698487,-0.22048981624530467,2.208117446927896,22
Qantas,QAN.AX,2025,10,2025-10,10.510793105415676,496.89951435687425,-0.28702743309928164,1.286174217952614,23
Qantas,QAN.AX,2025,11,2025-11,9.562485837936402,452.0681285665143,-0.0870198206764933,1.7127914822181531,20
Qantas,QAN.AX,2025,12,2025-12,9.743675088882446,460.6338809220988,0.1683258881667471,1.7342599328049146,20
Singapore Airlines,C6L.SI,2015,1,2015-01,6.037743613833473,106.15132122359,0.4673124806935641,,21
Singapore Airlines,C6L.SI,2015,2,2015-02,5.978414535522461,105.10823949430586,-0.2835658317876466,1.5826257421261603,18
Singapore Airlines,C6L.SI,2015,3,2015-03,5.863134795969183,103.08147296585398,-0.008688400932746225,1.394320967231166,22
Singapore Airlines,C6L.SI,2015,4,2015-04,5.911346458253407,103.929096180283,0.10136650817166833,1.2725634928909235,21
Singapore Airlines,C6L.SI,2015,5,2015-05,5.750899744033814,101.10823597327268,-0.35616280191449134,0.9105520377451267,20
Singapore Airlines,C6L.SI,2015,6,2015-06,5.246061938149588,92.23253612151896,-0.25986778496505736,0.9671672962904032,21
Singapore Airlines,C6L.SI,2015,7,2015-07,5.513043360276655,96.92641391984225,0.021713122549939342,1.3505978158544123,22
Singapore Airlines,C6L.SI,2015,8,2015-08,5.053799295425415,88.8523108498877,-0.30868171935705235,1.725069404631227,20
Singapore Airlines,C6L.SI,2015,9,2015-09,5.140864896774292,90.38303643338789,0.38795593964106145,1.4483451761367356,20
Singapore Airlines,C6L.SI,2015,10,2015-10,5.448869033293291,95.79814646868532,0.04801200332940574,1.2810617776970963,22
Singapore Airlines,C6L.SI,2015,11,2015-11,5.392850160598755,94.81326242419614,-0.2502902255559297,1.2512528129629275,20
Singapore Airlines,C6L.SI,2015,12,2015-12,5.499880704012784,96.69499744332597,0.4501101338023182,1.2699590306908612,22
Singapore Airlines,C6L.SI,2016,1,2016-01,5.547606825828552,97.53408422998818,-0.0711510431677631,1.1617398689556224,20
Singapore Airlines,C6L.SI,2016,2,2016-02,5.676644526029888,99.80273345395356,0.28702942373977897,1.1171401415706892,19
Singapore Airlines,C6L.SI,2016,3,2016-03,5.7700769467787305,101.44539593549457,-0.07916684143939968,1.1285744355659197,22
Singapore Airlines,C6L.SI,2016,4,2016-04,5.78077879406157,101.63354821576095,0.03433733602088641,0.7050329730369386,21
Singapore Airlines,C6L.SI,2016,5,2016-05,5.51960141318185,97.04171294958998,-0.33826322940148623,1.1001408652629066,21
Singapore Airlines,C6L.SI,2016,6,2016-06,5.331381039185957,93.73255597659677,-0.006519111107280731,1.2475213206721223,22
Singapore Airlines,C6L.SI,2016,7,2016-07,5.5362437725067135,97.33430709462198,0.15220438048535512,0.7204928108372519,20
Singapore Airlines,C6L.SI,2016,8,2016-08,5.591355237093839,98.303237734056,-0.052436936456166296,0.9596512867796907,22
Singapore Airlines,C6L.SI,2016,9,2016-09,5.527785959697905,97.18560783514037,0.007960321704797699,0.9559062096195977,21
Singapore Airlines,C6L.SI,2016,10,2016-10,5.381252765655518,94.60936526083269,-0.17265698511734762,0.7360336932789047,21
Singapore Airlines,C6L.SI,2016,11,2016-11,5.156106146899137,90.65099727129835,-0.014022956746272004,0.7894669928419727,22
Singapore Airlines,C6L.SI,2016,12,2016-12,5.12751799538022,90.14838068981248,-0.15745405457983086,0.8469937036402726,21
Singapore Airlines,C6L.SI,2017,1,2017-01,5.196790623664856,91.36628285448819,0.11909641562628082,0.5385201399675719,20
Singapore Airlines,C6L.SI,2017,2,2017-02,5.19994843006134,91.42180116440568,0.02830748641566183,0.7322999071670735,20
Singapore Airlines,C6L.SI,2017,3,2017-03,5.264478787131932,92.55632808376323,0.053694261912970324,0.6275706310289896,23
Singapore Airlines,C6L.SI,2017,4,2017-04,5.3752929034985995,94.50458319608622,0.09607472196662253,0.7013367810609618,19
Singapore Airlines,C6L.SI,2017,5,2017-05,5.4057107880001976,95.03936884370353,-0.09377243422987103,1.1554107690658657,21
Singapore Airlines,C6L.SI,2017,6,2017-06,5.273882570720854,92.72165872983071,0.05351691945661668,1.6134633149344193,21
Singapore Airlines,C6L.SI,2017,7,2017-07,5.33503482455299,93.7967942366132,0.12781253525002065,0.6082015130914534,21
Singapore Airlines,C6L.SI,2017,8,2017-08,5.588537866419012,98.25370472327626,0.01858113685009927,0.8856326758952275,22
Singapore Airlines,C6L.SI,2017,9,2017-09,5.416236710548401,95.22442814019783,-0.12994263845631904,0.9623394405364358,20
Singapore Airlines,C6L.SI,2017,10,2017-10,5.432144528343564,95.50410809760305,0.10943120878897504,0.7019348739759137,21
Singapore Airlines,C6L.SI,2017,11,2017-11,5.650744698264382,99.34738107190265,0.25277156394996314,0.8550998945715751,22
Singapore Airlines,C6L.SI,2017,12,2017-12,5.672552680969238,99.73079353944065,-0.03046979835656216,0.9754532594182004,20
Singapore Airlines,C6L.SI,2018,1,2018-01,5.946700269525701,104.55066178771375,0.2679483126128353,0.6737828822505881,22
Singapore Airlines,C6L.SI,2018,2,2018-02,5.966020985653526,104.89034490033475,-0.08779380857957851,1.264514027190911,19
Singapore Airlines,C6L.SI,2018,3,2018-03,5.889028049650646,103.53670976702709,-0.10265344281216489,1.5107957094849538,21
Singapore Airlines,C6L.SI,2018,4,2018-04,5.830728394644601,102.51172662736674,0.022344245446006446,1.0890127141919694,21
Singapore Airlines,C6L.SI,2018,5,2018-05,6.071342422848656,106.74203162744504,0.18188726494895394,1.1092132144300901,21
Singapore Airlines,C6L.SI,2018,6,2018-06,6.016481900215149,105.77751287126257,-0.2627099965729268,1.2976028969936375,20
Singapore Airlines,C6L.SI,2018,7,2018-07,5.629688739776611,98.97719016018773,-0.21421583313122602,1.283767816263281,22
Singapore Airlines,C6L.SI,2018,8,2018-08,5.348293463389079,94.02989821056342,-0.024674678474399074,1.543891601680396,21
Singapore Airlines,C6L.SI,2018,9,2018-09,5.334023070335388,93.77900629233781,-0.029063992458017163,1.0182212915602626,20
Singapore Airlines,C6L.SI,2018,10,2018-10,5.200351279714833,91.42888378097699,-0.10925611859553878,0.8837731189522162,23
Singapore Airlines,C6L.SI,2018,11,2018-11,5.276835918426514,92.77358239221846,0.06474610389428119,1.289396703211997,21
Singapore Airlines,C6L.SI,2018,12,2018-12,5.2543960332870485,92.37906026474649,-0.04253152197468357,1.2898355247826516,20
Singapore Airlines,C6L.SI,2019,1,2019-01,5.344745345737623,93.96751772529477,0.10898843737824349,0.9861157072235442,23
Singapore Airlines,C6L.SI,2019,2,2019-02,5.508026223433645,96.83820618219917,0.19730515453030517,0.9038893217497289,19
Singapore Airlines,C6L.SI,2019,3,2019-03,5.4473198254903155,95.77090939708148,-0.16485706901875868,1.0423121672929938,21
Singapore Airlines,C6L.SI,2019,4,2019-04,5.468851997738793,96.14947276100983,0.011068844938178475,0.7683645606577081,21
Singapore Airlines,C6L.SI,2019,5,2019-05,5.235189891996837,92.04139152556854,-0.2868062881346085,0.5653606898643267,21
Singapore Airlines,C6L.SI,2019,6,2019-06,5.13488957756444,90.27798261371174,0.09308730973069186,0.5846653277169215,19
Singapore Airlines,C6L.SI,2019,7,2019-07,5.326056542603866,93.63894445825663,0.185291984751323,0.5517325564079071,23
Singapore Airlines,C6L.SI,2019,8,2019-08,5.112525486946106,89.88479305169372,-0.3360104411751669,0.7294058535067232,20
Singapore Airlines,C6L.SI,2019,9,2019-09,5.190593923841204,91.25733687804765,0.16801390876800865,0.7666002994033893,21
Singapore Airlines,C6L.SI,2019,10,2019-10,5.203922683542425,91.49167366726054,0.13568577928145253,0.8476899175844385,22
Singapore Airlines,C6L.SI,2019,11,2019-11,5.305195081801641,93.27217306674927,-0.06714660836849203,0.8727869384389234,21
Singapore Airlines,C6L.SI,2019,12,2019-12,5.222917621785944,91.8256291844326,-0.07317915701561312,0.8110420634777497,22
Singapore Airlines,C6L.SI,2020,1,2020-01,5.122877098265148,90.06678773192355,-0.26071378155422,0.6705002759920462,21
Singapore Airlines,C6L.SI,2020,2,2020-02,4.908248972892761,86.29334842459335,-0.3244319915663324,0.9733809740516174,20
Singapore Airlines,C6L.SI,2020,3,2020-03,3.983781034296209,70.04000953056801,-1.3798372057602968,2.407218955951401,22
Singapore Airlines,C6L.SI,2020,4,2020-04,3.4658308142707464,60.933776523624616,0.32105706528542594,4.504539218426087,21
Singapore Airlines,C6L.SI,2020,5,2020-05,3.2184610764185586,56.58469743328697,-0.6128645485609202,2.9451619712921255,18
Singapore Airlines,C6L.SI,2020,6,2020-06,3.3349074775522407,58.63197537727775,-0.08189952984711207,2.88559934316507,22
Singapore Airlines,C6L.SI,2020,7,2020-07,3.042345648720151,53.48836103118958,-0.40390121485078073,1.7703611858615003,21
Singapore Airlines,C6L.SI,2020,8,2020-08,2.963424599170685,52.10082717452931,0.34628813165831995,1.6683280125114215,20
Singapore Airlines,C6L.SI,2020,9,2020-09,2.8795221827246924,50.62571446202724,-0.22208899057583303,1.692176174569547,22
Singapore Airlines,C6L.SI,2020,10,2020-10,2.8761764114553277,50.566891487175965,-0.10029823755908168,1.2434561488876756,22
Singapore Airlines,C6L.SI,2020,11,2020-11,3.2242165293012346,56.68588571931097,1.2523620797307273,2.4695375399305655,21
Singapore Airlines,C6L.SI,2020,12,2020-12,3.5609272826801646,62.60569510960576,-0.004544872721324766,3.004774222128532,22
Singapore Airlines,C6L.SI,2021,1,2021-01,3.4794784069061278,61.17371880710414,-0.25062827137066923,1.4409187207664664,20
Singapore Airlines,C6L.SI,2021,2,2021-02,3.610525683352822,63.477698973750755,1.0394124021423057,1.5239926523256924,19
Singapore Airlines,C6L.SI,2021,3,2021-03,4.455066369927448,78.32581367368161,0.4912370782337831,2.311401638429357,23
Singapore Airlines,C6L.SI,2021,4,2021-04,4.3793109485081265,76.99393564310635,-0.4241786570022911,1.8427008538274572,21
Singapore Airlines,C6L.SI,2021,5,2021-05,3.947129349959524,69.39562564045133,-0.054140724135336674,2.020160662276511,19
Singapore Airlines,C6L.SI,2021,6,2021-06,4.068728349425576,71.53349290980903,-0.1110735826871328,2.0671383305107542,22
Singapore Airlines,C6L.SI,2021,7,2021-07,4.0833325272514704,71.79025319490148,0.25189119193470877,1.518602115890457,21
Singapore Airlines,C6L.SI,2021,8,2021-08,4.141359987713042,72.81045080334786,-0.030806167390729472,1.4213133003409386,21
Singapore Airlines,C6L.SI,2021,9,2021-09,4.068356513977051,71.52695556296835,-0.018799039827479345,1.2062187069040968,22
Singapore Airlines,C6L.SI,2021,10,2021-10,4.328293641408284,76.09698557362842,0.17660706116901329,1.7118846292353205,21
Singapore Airlines,C6L.SI,2021,11,2021-11,4.315052418481736,75.86418779383386,-0.3011416452552022,1.6325772081038028,21
Singapore Airlines,C6L.SI,2021,12,2021-12,4.028014431829038,70.8176897188357,0.11123339111869777,1.3304721044913874,23
Singapore Airlines,C6L.SI,2022,1,2022-01,4.114877609979539,72.34485644138908,0.013523856312425671,1.0046335630169314,21
Singapore Airlines,C6L.SI,2022,2,2022-02,4.290452586279975,75.43169101074545,0.12101884636203221,1.2033002491748057,18
Singapore Airlines,C6L.SI,2022,3,2022-03,4.234962318254554,74.45610051822209,0.3465813635837664,1.8142113159103348,23
Singapore Airlines,C6L.SI,2022,4,2022-04,4.469876480102539,78.58619451511893,0.0033971324276843573,1.3613704235712225,20
Singapore Airlines,C6L.SI,2022,5,2022-05,4.413725501612613,77.59898788033462,0.045837667437374406,1.077067163115812,19
Singapore Airlines,C6L.SI,2022,6,2022-06,4.293261224573309,75.48107049499409,-0.37151851630518595,1.0839919212790174,22
Singapore Airlines,C6L.SI,2022,7,2022-07,4.3038558721542355,75.66733806621671,0.3350354233130515,0.8758053477046583,20
Singapore Airlines,C6L.SI,2022,8,2022-08,4.4140776287425645,77.60517872951169,-0.10853975094224518,0.6814247797266035,22
Singapore Airlines,C6L.SI,2022,9,2022-09,4.323372407393022,76.0104639314087,-0.1895050999824142,0.5868450891354712,22
Singapore Airlines,C6L.SI,2022,10,2022-10,4.161143732070923,73.15827454954459,0.1591244917429302,0.7636029814568295,20
Singapore Airlines,C6L.SI,2022,11,2022-11,4.430434357036244,77.89275111256075,0.20600557688901133,0.9506650073714152,22
Singapore Airlines,C6L.SI,2022,12,2022-12,4.597923755645752,80.837430795979,0.11356497442038023,0.6601599070251206,21
Singapore Airlines,C6L.SI,2023,1,2023-01,4.7930608548616105,84.26819272068924,0.3654524505178453,0.7475277732052507,19
Singapore Airlines,C6L.SI,2023,2,2023-02,4.86487991809845,85.53086449664274,-0.19583766023413107,0.9809632361226364,20
Singapore Airlines,C6L.SI,2023,3,2023-03,4.760434150695801,83.69457317406973,0.03604784362259151,0.8564777529691632,23
Singapore Airlines,C6L.SI,2023,4,2023-04,4.8320715552882145,84.95405115672051,0.1111244888738664,0.9945180001380999,19
Singapore Airlines,C6L.SI,2023,5,2023-05,5.088111877441406,89.45557030384086,0.42333929119308816,0.7636009350896149,22
Singapore Airlines,C6L.SI,2023,6,2023-06,6.1020244598388675,107.28146141656028,0.5719294258140156,1.5477389516998743,20
Singapore Airlines,C6L.SI,2023,7,2023-07,6.149732635134742,108.12023268025234,0.25105690212613707,1.8442434104748817,21
Singapore Airlines,C6L.SI,2023,8,2023-08,6.098483194004405,107.21920139507297,-0.23869614960201394,1.1077388688083505,22
Singapore Airlines,C6L.SI,2023,9,2023-09,5.789725637435913,101.79084526341813,-0.30396330676410843,1.0148004111889783,20
Singapore Airlines,C6L.SI,2023,10,2023-10,5.411612575704401,95.14312988465713,-0.242756654094032,1.0568796397212656,22
Singapore Airlines,C6L.SI,2023,11,2023-11,5.414345900217692,95.19118525550027,0.1809117272395437,1.3245081047592595,21
Singapore Airlines,C6L.SI,2023,12,2023-12,5.620385694503784,98.81363062366636,0.2522431744478254,0.9083926727005398,20
Singapore Airlines,C6L.SI,2024,1,2024-01,5.731283339587125,100.76335427857776,0.08585238454642895,0.8312251804831097,22
Singapore Airlines,C6L.SI,2024,2,2024-02,6.013574028015137,105.72638872692603,-0.12845099346951827,1.3262233731217996,20
Singapore Airlines,C6L.SI,2024,3,2024-03,5.619932746887207,98.80566722027928,-0.05128165073899793,2.066323523948927,20
Singapore Airlines,C6L.SI,2024,4,2024-04,5.645204725719633,99.24998120818202,0.10825720015113849,0.9895996021897795,21
Singapore Airlines,C6L.SI,2024,5,2024-05,5.898761908213298,103.70784355691865,0.16724148240566566,0.9569080761098314,21
Singapore Airlines,C6L.SI,2024,6,2024-06,5.970288226478978,104.96536849864773,0.10209766608563851,0.6331727530667346,19
Singapore Airlines,C6L.SI,2024,7,2024-07,6.152173602062723,108.16314802761397,0.04594297056998359,0.6518523448601032,23
Singapore Airlines,C6L.SI,2024,8,2024-08,5.6525398436046785,99.37894204266401,-0.21531833953841198,1.3880368283415945,21
Singapore Airlines,C6L.SI,2024,9,2024-09,6.024714447203136,105.92225166702858,0.38210816482429866,1.0611147619464614,21
Singapore Airlines,C6L.SI,2024,10,2024-10,6.045292377471924,106.28403822601294,-0.23064974549075137,0.7953131933785067,22
Singapore Airlines,C6L.SI,2024,11,2024-11,5.923065230959938,104.1351273212985,-0.033557261228617505,0.766561973328373,21
Singapore Airlines,C6L.SI,2024,12,2024-12,6.031186035701206,106.03603054096278,0.0976614169357179,0.5865368941055135,21
Singapore Airlines,C6L.SI,2025,1,2025-01,6.001331424713134,105.51114796831773,-0.06088478198846947,0.41844808214399504,20
Singapore Airlines,C6L.SI,2025,2,2025-02,6.118884253501892,107.57787833774034,0.3448111031224893,0.6045663715225894,20
Singapore Airlines,C6L.SI,2025,3,2025-03,6.411586117744446,112.72395468698559,-0.01242764491195758,0.7401360629210746,20
Singapore Airlines,C6L.SI,2025,4,2025-04,6.084241072336833,106.96880652428447,-0.03553085577412936,1.5235459735153294,21
Singapore Airlines,C6L.SI,2025,5,2025-05,6.556992793083191,115.28039160931084,0.3055894628692568,1.412304576977863,20
Singapore Airlines,C6L.SI,2025,6,2025-06,6.5788216817946665,115.66417163141328,-0.10524927508101972,0.6368512980132517,21
Singapore Airlines,C6L.SI,2025,7,2025-07,6.844624540080195,120.33732875709339,-0.09165798132894908,0.8363739108138517,23
Singapore Airlines,C6L.SI,2025,8,2025-08,6.488570894513812,114.07744637044296,0.057893553907112635,1.5377434965124976,21
Singapore Airlines,C6L.SI,2025,9,2025-09,6.452921910719438,113.45069124931113,-0.04080292574826833,0.6568609706096485,22
Singapore Airlines,C6L.SI,2025,10,2025-10,6.529683589935303,114.80026058998936,0.07822036201561501,0.51783826085739,22
Singapore Airlines,C6L.SI,2025,11,2025-11,6.46172022819519,113.60537702007753,-0.10512495467424776,0.646871357101388,20
Singapore Airlines,C6L.SI,2025,12,2025-12,6.3442147345769975,111.53947886401427,0.0012419757261696756,0.5211166381604523,21
